customer_id,signup_date,last_purchase_date
1,2020-08-07 17:19:21.301080,2022-12-07 17:19:21.301080
2,2019-09-09 17:19:21.306459,2021-04-08 17:19:21.306459
3,2021-04-30 17:19:21.306478,2021-07-13 17:19:21.306478
4,2020-02-21 17:19:21.306481,2021-04-30 17:19:21.306481
5,2020-08-03 17:19:21.306484,2020-11-13 17:19:21.306484
6,2020-09-07 17:19:21.306486,2022-10-10 17:19:21.306486
7,2018-12-18 17:19:21.306489,2020-12-24 17:19:21.306489
8,2020-10-28 17:19:21.306491,2023-01-11 17:19:21.306491
9,2019-03-14 17:19:21.306493,2022-11-02 17:19:21.306493
10,2023-05-09 17:19:21.306495,2023-08-14 17:19:21.306495
11,2022-05-29 17:19:21.306497,2023-05-01 17:19:21.306497
12,2020-04-17 17:19:21.306499,2022-06-23 17:19:21.306499
13,2022-10-12 17:19:21.306502,2023-08-15 17:19:21.306502
14,2019-08-17 17:19:21.306504,2020-04-21 17:19:21.306504
15,2023-06-12 17:19:21.306506,2023-07-19 17:19:21.306506
16,2019-11-11 17:19:21.306508,2022-07-21 17:19:21.306508
17,2020-08-10 17:19:21.306510,2023-05-26 17:19:21.306510
18,2021-04-19 17:19:21.306512,2022-10-12 17:19:21.306512
19,2019-01-24 17:19:21.306514,2021-02-20 17:19:21.306514
20,2023-04-30 17:19:21.306516,2023-08-13 17:19:21.306516
21,2019-01-26 17:19:21.306518,2023-05-31 17:19:21.306518
22,2020-01-14 17:19:21.306521,2020-04-03 17:19:21.306521
23,2021-07-30 17:19:21.306523,2021-12-09 17:19:21.306523
24,2022-09-29 17:19:21.306525,2023-07-10 17:19:21.306525
25,2019-07-15 17:19:21.306527,2021-12-30 17:19:21.306527
26,2019-10-01 17:19:21.306529,2020-02-15 17:19:21.306529
27,2021-06-24 17:19:21.306531,2021-12-24 17:19:21.306531
28,2022-08-18 17:19:21.306536,2023-07-13 17:19:21.306536
29,2020-05-10 17:19:21.306538,2022-07-03 17:19:21.306538
30,2021-01-25 17:19:21.306540,2022-06-16 17:19:21.306540
31,2022-12-05 17:19:21.306542,2023-02-11 17:19:21.306542
32,2020-06-10 17:19:21.306544,2021-12-07 17:19:21.306544
33,2022-06-05 17:19:21.306546,2023-02-21 17:19:21.306546
34,2020-01-09 17:19:21.306549,2020-03-01 17:19:21.306549
35,2023-08-17 17:19:21.306551,2023-08-18 17:19:21.306551
36,2022-12-29 17:19:21.306553,2023-07-21 17:19:21.306553
37,2021-08-21 17:19:21.306555,2021-12-24 17:19:21.306555
38,2021-05-04 17:19:21.306557,2023-05-20 17:19:21.306557
39,2019-05-07 17:19:21.306559,2019-06-18 17:19:21.306559
40,2022-05-21 17:19:21.306561,2023-01-15 17:19:21.306561
41,2020-09-20 17:19:21.306563,2021-01-08 17:19:21.306563
42,2022-04-15 17:19:21.306566,2022-12-19 17:19:21.306566
43,2019-01-06 17:19:21.306568,2023-08-19 17:19:21.306568
44,2019-07-31 17:19:21.306570,2022-11-18 17:19:21.306570
45,2021-10-08 17:19:21.306572,2022-01-10 17:19:21.306572
46,2021-01-05 17:19:21.306574,2023-09-02 17:19:21.306574
47,2018-09-27 17:19:21.306576,2022-07-25 17:19:21.306576
48,2023-03-02 17:19:21.306578,2023-07-23 17:19:21.306578
49,2021-01-23 17:19:21.306580,2022-06-26 17:19:21.306580
50,2021-10-21 17:19:21.306582,2022-10-15 17:19:21.306582
51,2021-01-23 17:19:21.306584,2023-07-11 17:19:21.306584
52,2022-02-22 17:19:21.306586,2022-11-29 17:19:21.306586
53,2019-05-01 17:19:21.306589,2022-08-31 17:19:21.306589
54,2020-03-19 17:19:21.306591,2023-07-20 17:19:21.306591
55,2021-05-29 17:19:21.306593,2023-03-26 17:19:21.306593
56,2019-07-02 17:19:21.306595,2019-10-02 17:19:21.306595
57,2020-07-10 17:19:21.306597,2022-05-12 17:19:21.306597
58,2019-07-22 17:19:21.306599,2019-09-20 17:19:21.306599
59,2021-11-30 17:19:21.306601,2023-08-25 17:19:21.306601
60,2023-08-18 17:19:21.306603,2023-09-05 17:19:21.306603
61,2021-05-20 17:19:21.306605,2022-06-26 17:19:21.306605
62,2023-03-25 17:19:21.306607,2023-04-14 17:19:21.306607
63,2020-02-18 17:19:21.306610,2022-12-12 17:19:21.306610
64,2022-08-16 17:19:21.306612,2022-11-15 17:19:21.306612
65,2022-01-15 17:19:21.306614,2023-07-02 17:19:21.306614
66,2022-10-27 17:19:21.306616,2022-10-27 17:19:21.306616
67,2023-08-25 17:19:21.306619,2023-08-29 17:19:21.306619
68,2023-01-09 17:19:21.306621,2023-08-29 17:19:21.306621
69,2021-07-23 17:19:21.306623,2022-12-28 17:19:21.306623
70,2019-12-08 17:19:21.306625,2020-11-17 17:19:21.306625
71,2022-02-20 17:19:21.306627,2022-04-06 17:19:21.306627
72,2021-03-24 17:19:21.306629,2022-09-20 17:19:21.306629
73,2019-12-14 17:19:21.306631,2022-12-19 17:19:21.306631
74,2023-06-08 17:19:21.306633,2023-09-05 17:19:21.306633
75,2019-11-17 17:19:21.306635,2022-11-17 17:19:21.306635
76,2021-01-25 17:19:21.306637,2023-03-29 17:19:21.306637
77,2019-08-21 17:19:21.306639,2020-04-25 17:19:21.306639
78,2019-09-17 17:19:21.306642,2019-11-02 17:19:21.306642
79,2022-04-17 17:19:21.306644,2022-08-15 17:19:21.306644
80,2021-07-24 17:19:21.306646,2022-02-22 17:19:21.306646
81,2023-08-04 17:19:21.306648,2023-09-02 17:19:21.306648
82,2023-02-14 17:19:21.306650,2023-05-31 17:19:21.306650
83,2020-08-29 17:19:21.306652,2022-12-07 17:19:21.306652
84,2019-05-06 17:19:21.306654,2019-06-22 17:19:21.306654
85,2019-10-27 17:19:21.306656,2020-09-27 17:19:21.306656
86,2020-11-16 17:19:21.306658,2023-01-28 17:19:21.306658
87,2020-11-20 17:19:21.306660,2021-08-03 17:19:21.306660
88,2019-10-25 17:19:21.306663,2019-11-01 17:19:21.306663
89,2022-02-19 17:19:21.306665,2022-10-29 17:19:21.306665
90,2020-08-04 17:19:21.306667,2022-07-23 17:19:21.306667
91,2018-10-08 17:19:21.306669,2019-08-06 17:19:21.306669
92,2019-07-30 17:19:21.306671,2021-04-28 17:19:21.306671
93,2021-10-05 17:19:21.306673,2021-11-29 17:19:21.306673
94,2022-08-02 17:19:21.306687,2023-03-03 17:19:21.306687
95,2021-09-08 17:19:21.306689,2023-02-15 17:19:21.306689
96,2019-05-12 17:19:21.306691,2020-08-27 17:19:21.306691
97,2023-03-30 17:19:21.306693,2023-04-26 17:19:21.306693
98,2023-02-18 17:19:21.306696,2023-05-06 17:19:21.306696
99,2020-12-16 17:19:21.306698,2021-07-19 17:19:21.306698
100,2022-12-12 17:19:21.306700,2023-05-14 17:19:21.306700
101,2021-06-14 17:19:21.306702,2022-11-21 17:19:21.306702
102,2020-02-21 17:19:21.306704,2022-01-19 17:19:21.306704
103,2022-06-09 17:19:21.306706,2023-04-16 17:19:21.306706
104,2019-08-14 17:19:21.306708,2022-01-12 17:19:21.306708
105,2018-11-22 17:19:21.306710,2021-09-17 17:19:21.306710
106,2020-03-11 17:19:21.306712,2023-01-01 17:19:21.306712
107,2020-11-25 17:19:21.306714,2022-08-09 17:19:21.306714
108,2018-12-17 17:19:21.306716,2021-06-22 17:19:21.306716
109,2022-11-16 17:19:21.306718,2023-07-11 17:19:21.306718
110,2018-11-24 17:19:21.306969,2019-11-21 17:19:21.306969
111,2021-09-18 17:19:21.306972,2023-02-07 17:19:21.306972
112,2018-10-31 17:19:21.306974,2022-05-20 17:19:21.306974
113,2022-10-05 17:19:21.306977,2023-07-25 17:19:21.306977
114,2021-04-12 17:19:21.306979,2023-04-20 17:19:21.306979
115,2020-09-26 17:19:21.306981,2023-07-31 17:19:21.306981
116,2021-07-08 17:19:21.306983,2022-01-15 17:19:21.306983
117,2023-02-03 17:19:21.306985,2023-06-01 17:19:21.306985
118,2021-08-05 17:19:21.306987,2022-12-02 17:19:21.306987
119,2023-03-04 17:19:21.306990,2023-03-31 17:19:21.306990
120,2022-08-24 17:19:21.306992,2023-03-13 17:19:21.306992
121,2022-05-03 17:19:21.306994,2022-06-10 17:19:21.306994
122,2020-10-08 17:19:21.306996,2021-01-01 17:19:21.306996
123,2020-06-14 17:19:21.306998,2020-10-17 17:19:21.306998
124,2023-08-24 17:19:21.307000,2023-09-04 17:19:21.307000
125,2023-07-05 17:19:21.307004,2023-07-29 17:19:21.307004
126,2022-04-05 17:19:21.307006,2022-08-27 17:19:21.307006
127,2019-12-10 17:19:21.307008,2023-04-28 17:19:21.307008
128,2020-07-12 17:19:21.307010,2020-08-05 17:19:21.307010
129,2021-11-29 17:19:21.307012,2023-07-01 17:19:21.307012
130,2019-08-04 17:19:21.307015,2023-06-21 17:19:21.307015
131,2020-09-16 17:19:21.307017,2020-11-21 17:19:21.307017
132,2020-07-02 17:19:21.307019,2021-02-19 17:19:21.307019
133,2019-07-08 17:19:21.307021,2019-10-24 17:19:21.307021
134,2022-01-23 17:19:21.307023,2022-06-17 17:19:21.307023
135,2022-08-12 17:19:21.307025,2022-11-30 17:19:21.307025
136,2019-01-13 17:19:21.307028,2019-08-28 17:19:21.307028
137,2022-07-16 17:19:21.307030,2022-11-03 17:19:21.307030
138,2022-11-23 17:19:21.307032,2022-12-26 17:19:21.307032
139,2022-08-25 17:19:21.307034,2022-12-13 17:19:21.307034
140,2018-10-07 17:19:21.307036,2022-07-30 17:19:21.307036
141,2019-07-17 17:19:21.307040,2021-08-02 17:19:21.307040
142,2023-01-20 17:19:21.307042,2023-04-12 17:19:21.307042
143,2020-11-24 17:19:21.307045,2022-05-31 17:19:21.307045
144,2023-07-29 17:19:21.307047,2023-09-03 17:19:21.307047
145,2020-10-21 17:19:21.307049,2022-09-12 17:19:21.307049
146,2023-04-26 17:19:21.307051,2023-05-21 17:19:21.307051
147,2023-02-19 17:19:21.307053,2023-04-23 17:19:21.307053
148,2021-07-20 17:19:21.307055,2023-07-27 17:19:21.307055
149,2021-02-20 17:19:21.307057,2022-05-08 17:19:21.307057
150,2020-10-16 17:19:21.307059,2021-08-26 17:19:21.307059
151,2020-10-01 17:19:21.307061,2023-02-24 17:19:21.307061
152,2022-04-23 17:19:21.307063,2023-07-20 17:19:21.307063
153,2022-07-28 17:19:21.307065,2023-03-13 17:19:21.307065
154,2019-04-24 17:19:21.307068,2023-02-22 17:19:21.307068
155,2018-11-21 17:19:21.307070,2022-06-25 17:19:21.307070
156,2021-06-25 17:19:21.307072,2022-09-04 17:19:21.307072
157,2023-06-01 17:19:21.307074,2023-06-22 17:19:21.307074
158,2021-10-24 17:19:21.307076,2022-07-27 17:19:21.307076
159,2021-09-12 17:19:21.307078,2023-08-22 17:19:21.307078
160,2019-05-21 17:19:21.307080,2023-07-25 17:19:21.307080
161,2021-01-20 17:19:21.307082,2022-10-05 17:19:21.307082
162,2018-11-10 17:19:21.307084,2020-04-08 17:19:21.307084
163,2022-01-03 17:19:21.307086,2022-12-18 17:19:21.307086
164,2019-08-14 17:19:21.307088,2021-12-03 17:19:21.307088
165,2021-12-04 17:19:21.307090,2023-02-22 17:19:21.307090
166,2018-10-11 17:19:21.307092,2019-09-25 17:19:21.307092
167,2020-11-13 17:19:21.307094,2023-02-13 17:19:21.307094
168,2020-04-14 17:19:21.307096,2023-06-18 17:19:21.307096
169,2022-04-23 17:19:21.307098,2022-12-25 17:19:21.307098
170,2021-08-02 17:19:21.307100,2022-04-01 17:19:21.307100
171,2022-08-06 17:19:21.307102,2022-09-05 17:19:21.307102
172,2021-04-20 17:19:21.307104,2021-05-29 17:19:21.307104
173,2021-07-05 17:19:21.307106,2022-02-18 17:19:21.307106
174,2022-08-11 17:19:21.307108,2022-09-15 17:19:21.307108
175,2023-02-13 17:19:21.307110,2023-07-14 17:19:21.307110
176,2020-11-03 17:19:21.307113,2020-11-08 17:19:21.307113
177,2019-05-14 17:19:21.307115,2023-01-18 17:19:21.307115
178,2021-03-30 17:19:21.307117,2022-07-10 17:19:21.307117
179,2019-08-15 17:19:21.307119,2019-10-28 17:19:21.307119
180,2018-12-28 17:19:21.307121,2018-12-31 17:19:21.307121
181,2019-04-23 17:19:21.307123,2021-01-27 17:19:21.307123
182,2021-04-27 17:19:21.307125,2021-08-22 17:19:21.307125
183,2021-08-26 17:19:21.307127,2023-04-23 17:19:21.307127
184,2020-03-22 17:19:21.307129,2021-08-07 17:19:21.307129
185,2022-02-21 17:19:21.307131,2023-05-07 17:19:21.307131
186,2020-11-21 17:19:21.307133,2021-06-02 17:19:21.307133
187,2023-06-04 17:19:21.307135,2023-08-21 17:19:21.307135
188,2018-11-15 17:19:21.307137,2020-10-29 17:19:21.307137
189,2022-05-11 17:19:21.307139,2023-06-06 17:19:21.307139
190,2019-10-08 17:19:21.307141,2022-08-22 17:19:21.307141
191,2023-01-20 17:19:21.307143,2023-07-17 17:19:21.307143
192,2021-08-20 17:19:21.307145,2022-02-08 17:19:21.307145
193,2019-02-02 17:19:21.307147,2022-09-17 17:19:21.307147
194,2020-05-31 17:19:21.307149,2021-04-21 17:19:21.307149
195,2022-03-16 17:19:21.307151,2023-04-29 17:19:21.307151
196,2020-10-13 17:19:21.307153,2023-01-26 17:19:21.307153
197,2022-04-01 17:19:21.307155,2022-11-11 17:19:21.307155
198,2020-06-11 17:19:21.307157,2021-11-24 17:19:21.307157
199,2018-12-20 17:19:21.307162,2019-04-11 17:19:21.307162
200,2020-03-20 17:19:21.307164,2020-08-06 17:19:21.307164
201,2020-08-24 17:19:21.307166,2022-03-05 17:19:21.307166
202,2018-09-14 17:19:21.307168,2018-09-14 17:19:21.307168
203,2022-02-07 17:19:21.307170,2022-05-07 17:19:21.307170
204,2021-10-26 17:19:21.307173,2023-08-10 17:19:21.307173
205,2022-02-28 17:19:21.307175,2023-01-13 17:19:21.307175
206,2019-04-24 17:19:21.307177,2023-08-14 17:19:21.307177
207,2020-11-29 17:19:21.307179,2023-02-11 17:19:21.307179
208,2021-12-01 17:19:21.307181,2022-04-18 17:19:21.307181
209,2021-07-04 17:19:21.307183,2022-11-26 17:19:21.307183
210,2020-10-21 17:19:21.307185,2023-02-12 17:19:21.307185
211,2019-03-09 17:19:21.307187,2019-11-22 17:19:21.307187
212,2019-05-12 17:19:21.307189,2021-10-29 17:19:21.307189
213,2019-12-14 17:19:21.307191,2021-11-02 17:19:21.307191
214,2018-09-12 17:19:21.307193,2018-09-21 17:19:21.307193
215,2019-12-23 17:19:21.307195,2020-09-08 17:19:21.307195
216,2019-02-17 17:19:21.307197,2019-08-07 17:19:21.307197
217,2019-07-01 17:19:21.307199,2021-12-14 17:19:21.307199
218,2019-12-06 17:19:21.307201,2019-12-18 17:19:21.307201
219,2019-08-03 17:19:21.307203,2022-11-06 17:19:21.307203
220,2020-04-01 17:19:21.307205,2021-02-15 17:19:21.307205
221,2023-03-02 17:19:21.307207,2023-05-03 17:19:21.307207
222,2020-04-07 17:19:21.307209,2021-03-01 17:19:21.307209
223,2019-10-30 17:19:21.307212,2021-12-22 17:19:21.307212
224,2019-11-07 17:19:21.307214,2021-12-22 17:19:21.307214
225,2020-02-09 17:19:21.307216,2022-08-07 17:19:21.307216
226,2021-12-14 17:19:21.307222,2023-06-16 17:19:21.307222
227,2021-12-19 17:19:21.307224,2023-02-10 17:19:21.307224
228,2021-01-08 17:19:21.307226,2022-09-05 17:19:21.307226
229,2018-11-04 17:19:21.307228,2021-11-26 17:19:21.307228
230,2020-03-04 17:19:21.307230,2021-01-15 17:19:21.307230
231,2019-11-25 17:19:21.307232,2020-07-17 17:19:21.307232
232,2021-09-28 17:19:21.307234,2022-08-27 17:19:21.307234
233,2019-08-20 17:19:21.307236,2020-08-29 17:19:21.307236
234,2019-10-04 17:19:21.307238,2022-12-07 17:19:21.307238
235,2021-11-28 17:19:21.307240,2023-07-08 17:19:21.307240
236,2022-10-25 17:19:21.307242,2022-11-28 17:19:21.307242
237,2019-01-11 17:19:21.307244,2020-06-06 17:19:21.307244
238,2020-04-07 17:19:21.307246,2022-10-11 17:19:21.307246
239,2020-03-29 17:19:21.307248,2022-08-18 17:19:21.307248
240,2021-10-24 17:19:21.307250,2022-06-09 17:19:21.307250
241,2021-11-13 17:19:21.307252,2022-08-09 17:19:21.307252
242,2019-11-10 17:19:21.307254,2022-01-15 17:19:21.307254
243,2019-01-16 17:19:21.307256,2022-08-22 17:19:21.307256
244,2019-03-21 17:19:21.307258,2021-03-14 17:19:21.307258
245,2019-08-04 17:19:21.307261,2022-11-04 17:19:21.307261
246,2020-03-30 17:19:21.307263,2020-04-03 17:19:21.307263
247,2018-12-27 17:19:21.307265,2021-04-25 17:19:21.307265
248,2020-07-28 17:19:21.307267,2020-10-13 17:19:21.307267
249,2019-07-10 17:19:21.307269,2023-06-12 17:19:21.307269
250,2022-06-23 17:19:21.307271,2022-08-23 17:19:21.307271
251,2022-02-21 17:19:21.307273,2022-07-02 17:19:21.307273
252,2020-02-24 17:19:21.307275,2021-10-16 17:19:21.307275
253,2019-06-27 17:19:21.307277,2022-05-27 17:19:21.307277
254,2019-10-29 17:19:21.307279,2020-01-25 17:19:21.307279
255,2019-10-28 17:19:21.307281,2020-12-02 17:19:21.307281
256,2020-07-28 17:19:21.307283,2021-05-19 17:19:21.307283
257,2019-03-16 17:19:21.307285,2022-10-24 17:19:21.307285
258,2019-03-04 17:19:21.307287,2020-11-08 17:19:21.307287
259,2021-01-29 17:19:21.307289,2022-07-08 17:19:21.307289
260,2020-08-29 17:19:21.307291,2022-11-06 17:19:21.307291
261,2021-10-09 17:19:21.307293,2023-08-30 17:19:21.307293
262,2023-05-18 17:19:21.307295,2023-06-24 17:19:21.307295
263,2023-09-06 17:19:21.307298,2023-09-06 17:19:21.307298
264,2021-12-05 17:19:21.307300,2021-12-27 17:19:21.307300
265,2023-01-31 17:19:21.307302,2023-04-03 17:19:21.307302
266,2019-05-02 17:19:21.307304,2019-09-21 17:19:21.307304
267,2021-05-06 17:19:21.307306,2023-03-01 17:19:21.307306
268,2018-11-13 17:19:21.307308,2019-04-06 17:19:21.307308
269,2020-04-07 17:19:21.307310,2023-01-08 17:19:21.307310
270,2022-08-19 17:19:21.307312,2023-06-23 17:19:21.307312
271,2019-10-12 17:19:21.307314,2020-01-23 17:19:21.307314
272,2019-02-19 17:19:21.307316,2022-01-16 17:19:21.307316
273,2020-07-11 17:19:21.307318,2021-01-24 17:19:21.307318
274,2020-09-26 17:19:21.307321,2022-04-27 17:19:21.307321
275,2019-01-04 17:19:21.307323,2020-01-29 17:19:21.307323
276,2021-09-08 17:19:21.307325,2022-03-05 17:19:21.307325
277,2019-01-16 17:19:21.307327,2020-07-22 17:19:21.307327
278,2018-12-09 17:19:21.307331,2022-12-19 17:19:21.307331
279,2019-09-29 17:19:21.307334,2022-08-02 17:19:21.307334
280,2023-01-04 17:19:21.307336,2023-04-24 17:19:21.307336
281,2021-05-25 17:19:21.307338,2023-03-24 17:19:21.307338
282,2019-09-06 17:19:21.307340,2023-04-10 17:19:21.307340
283,2023-02-17 17:19:21.307342,2023-07-21 17:19:21.307342
284,2020-05-18 17:19:21.307344,2021-07-11 17:19:21.307344
285,2023-05-08 17:19:21.307346,2023-06-05 17:19:21.307346
286,2022-08-03 17:19:21.307348,2022-09-09 17:19:21.307348
287,2021-08-02 17:19:21.307350,2022-10-16 17:19:21.307350
288,2022-11-18 17:19:21.307353,2023-02-22 17:19:21.307353
289,2022-12-02 17:19:21.307355,2023-08-12 17:19:21.307355
290,2021-04-07 17:19:21.307357,2021-10-19 17:19:21.307357
291,2019-03-19 17:19:21.307359,2020-11-05 17:19:21.307359
292,2023-02-22 17:19:21.307361,2023-04-28 17:19:21.307361
293,2020-12-30 17:19:21.307363,2022-06-04 17:19:21.307363
294,2019-06-26 17:19:21.307365,2020-11-23 17:19:21.307365
295,2021-08-17 17:19:21.307367,2023-05-13 17:19:21.307367
296,2023-04-17 17:19:21.307369,2023-06-29 17:19:21.307369
297,2022-01-07 17:19:21.307371,2022-05-04 17:19:21.307371
298,2020-05-01 17:19:21.307373,2022-07-15 17:19:21.307373
299,2020-07-17 17:19:21.307375,2022-10-09 17:19:21.307375
300,2023-03-05 17:19:21.307377,2023-06-21 17:19:21.307377
301,2019-12-28 17:19:21.307379,2020-07-30 17:19:21.307379
302,2022-06-01 17:19:21.307382,2023-08-10 17:19:21.307382
303,2019-12-05 17:19:21.307384,2019-12-19 17:19:21.307384
304,2018-10-09 17:19:21.307386,2022-01-01 17:19:21.307386
305,2021-11-17 17:19:21.307388,2023-08-26 17:19:21.307388
306,2021-08-05 17:19:21.307390,2022-04-22 17:19:21.307390
307,2021-01-26 17:19:21.307392,2021-07-01 17:19:21.307392
308,2022-08-01 17:19:21.307394,2022-09-16 17:19:21.307394
309,2019-12-08 17:19:21.307396,2020-10-26 17:19:21.307396
310,2019-06-26 17:19:21.307398,2021-10-16 17:19:21.307398
311,2023-04-14 17:19:21.307400,2023-08-21 17:19:21.307400
312,2020-06-23 17:19:21.307402,2020-09-25 17:19:21.307402
313,2021-04-27 17:19:21.307404,2023-01-13 17:19:21.307404
314,2018-12-08 17:19:21.307407,2020-12-31 17:19:21.307407
315,2022-05-07 17:19:21.307409,2023-06-30 17:19:21.307409
316,2021-02-21 17:19:21.307411,2021-12-09 17:19:21.307411
317,2019-02-17 17:19:21.307413,2021-04-20 17:19:21.307413
318,2022-03-06 17:19:21.307415,2022-12-13 17:19:21.307415
319,2022-10-05 17:19:21.307417,2022-12-12 17:19:21.307417
320,2021-04-19 17:19:21.307419,2023-02-07 17:19:21.307419
321,2021-12-06 17:19:21.307421,2021-12-16 17:19:21.307421
322,2018-10-01 17:19:21.307423,2022-03-31 17:19:21.307423
323,2022-05-23 17:19:21.307425,2023-04-17 17:19:21.307425
324,2023-04-10 17:19:21.307427,2023-07-22 17:19:21.307427
325,2019-09-30 17:19:21.307430,2021-04-01 17:19:21.307430
326,2020-01-25 17:19:21.307435,2023-03-27 17:19:21.307435
327,2019-03-18 17:19:21.307437,2021-02-26 17:19:21.307437
328,2022-12-19 17:19:21.307439,2023-01-10 17:19:21.307439
329,2018-10-16 17:19:21.307441,2021-01-07 17:19:21.307441
330,2023-04-17 17:19:21.307443,2023-07-15 17:19:21.307443
331,2022-09-27 17:19:21.307445,2023-07-25 17:19:21.307445
332,2021-12-23 17:19:21.307447,2022-12-20 17:19:21.307447
333,2020-11-25 17:19:21.307449,2021-12-25 17:19:21.307449
334,2019-04-26 17:19:21.307451,2019-11-29 17:19:21.307451
335,2021-04-10 17:19:21.307454,2021-08-28 17:19:21.307454
336,2023-09-06 17:19:21.307456,2023-09-06 17:19:21.307456
337,2021-03-25 17:19:21.307458,2022-11-30 17:19:21.307458
338,2020-01-19 17:19:21.307460,2022-09-02 17:19:21.307460
339,2022-12-28 17:19:21.307462,2023-07-25 17:19:21.307462
340,2019-02-05 17:19:21.307467,2021-10-16 17:19:21.307467
341,2022-06-12 17:19:21.307470,2022-09-30 17:19:21.307470
342,2020-10-12 17:19:21.307472,2023-01-17 17:19:21.307472
343,2020-06-11 17:19:21.307474,2022-04-24 17:19:21.307474
344,2020-11-27 17:19:21.307476,2022-03-01 17:19:21.307476
345,2023-08-30 17:19:21.307478,2023-09-02 17:19:21.307478
346,2020-03-30 17:19:21.307480,2021-03-20 17:19:21.307480
347,2020-08-11 17:19:21.307483,2023-05-15 17:19:21.307483
348,2019-01-29 17:19:21.307485,2022-10-07 17:19:21.307485
349,2021-06-14 17:19:21.307487,2021-10-24 17:19:21.307487
350,2023-02-12 17:19:21.307489,2023-06-11 17:19:21.307489
351,2020-07-10 17:19:21.307491,2020-11-13 17:19:21.307491
352,2022-07-31 17:19:21.307493,2022-11-13 17:19:21.307493
353,2023-04-09 17:19:21.307495,2023-07-09 17:19:21.307495
354,2023-07-16 17:19:21.307497,2023-08-15 17:19:21.307497
355,2020-07-21 17:19:21.307499,2023-04-30 17:19:21.307499
356,2019-01-15 17:19:21.307502,2019-03-06 17:19:21.307502
357,2021-12-19 17:19:21.307504,2022-01-16 17:19:21.307504
358,2022-01-29 17:19:21.307506,2023-05-05 17:19:21.307506
359,2019-03-04 17:19:21.307508,2022-10-13 17:19:21.307508
360,2019-09-25 17:19:21.307513,2023-05-07 17:19:21.307513
361,2019-09-23 17:19:21.307515,2021-11-09 17:19:21.307515
362,2023-05-27 17:19:21.307517,2023-06-18 17:19:21.307517
363,2022-12-28 17:19:21.307519,2022-12-28 17:19:21.307519
364,2020-04-05 17:19:21.307521,2022-06-27 17:19:21.307521
365,2020-07-29 17:19:21.307523,2021-09-21 17:19:21.307523
366,2022-04-16 17:19:21.307525,2022-10-14 17:19:21.307525
367,2019-08-03 17:19:21.307528,2022-04-11 17:19:21.307528
368,2023-06-01 17:19:21.307530,2023-07-27 17:19:21.307530
369,2023-04-08 17:19:21.307532,2023-04-08 17:19:21.307532
370,2021-03-08 17:19:21.307534,2023-06-16 17:19:21.307534
371,2021-04-13 17:19:21.307536,2022-10-31 17:19:21.307536
372,2022-10-05 17:19:21.307538,2023-03-02 17:19:21.307538
373,2018-12-13 17:19:21.307540,2022-12-06 17:19:21.307540
374,2021-06-08 17:19:21.307542,2022-04-12 17:19:21.307542
375,2020-06-08 17:19:21.307544,2023-08-12 17:19:21.307544
376,2018-11-29 17:19:21.307546,2019-06-18 17:19:21.307546
377,2021-01-24 17:19:21.307548,2022-04-04 17:19:21.307548
378,2019-01-07 17:19:21.307550,2019-11-15 17:19:21.307550
379,2023-03-31 17:19:21.307552,2023-07-25 17:19:21.307552
380,2019-04-18 17:19:21.307554,2021-11-09 17:19:21.307554
381,2021-06-29 17:19:21.307556,2023-01-24 17:19:21.307556
382,2022-08-06 17:19:21.307559,2023-04-06 17:19:21.307559
383,2020-02-15 17:19:21.307561,2021-08-04 17:19:21.307561
384,2021-06-14 17:19:21.307563,2023-02-05 17:19:21.307563
385,2019-07-03 17:19:21.307565,2019-09-15 17:19:21.307565
386,2019-10-23 17:19:21.307567,2020-11-11 17:19:21.307567
387,2020-07-06 17:19:21.307569,2021-10-23 17:19:21.307569
388,2020-05-07 17:19:21.307571,2021-06-28 17:19:21.307571
389,2022-08-03 17:19:21.307573,2023-07-15 17:19:21.307573
390,2021-12-07 17:19:21.307575,2023-05-19 17:19:21.307575
391,2020-10-16 17:19:21.307577,2022-07-17 17:19:21.307577
392,2021-10-20 17:19:21.307579,2022-04-16 17:19:21.307579
393,2022-06-05 17:19:21.307581,2022-12-03 17:19:21.307581
394,2021-01-26 17:19:21.307583,2022-11-20 17:19:21.307583
395,2022-05-26 17:19:21.307585,2022-06-19 17:19:21.307585
396,2019-11-09 17:19:21.307587,2023-02-24 17:19:21.307587
397,2020-10-27 17:19:21.307589,2022-10-06 17:19:21.307589
398,2021-08-19 17:19:21.307592,2023-01-01 17:19:21.307592
399,2019-01-18 17:19:21.307594,2022-04-16 17:19:21.307594
400,2023-08-01 17:19:21.307596,2023-08-29 17:19:21.307596
401,2023-01-21 17:19:21.307598,2023-03-24 17:19:21.307598
402,2019-11-19 17:19:21.307600,2022-08-17 17:19:21.307600
403,2022-02-22 17:19:21.307602,2022-07-27 17:19:21.307602
404,2022-06-27 17:19:21.307604,2023-07-01 17:19:21.307604
405,2018-10-04 17:19:21.307606,2022-11-04 17:19:21.307606
406,2020-02-09 17:19:21.307608,2023-01-16 17:19:21.307608
407,2023-08-12 17:19:21.307610,2023-08-18 17:19:21.307610
408,2023-01-25 17:19:21.307613,2023-04-15 17:19:21.307613
409,2020-02-15 17:19:21.307615,2023-02-26 17:19:21.307615
410,2021-07-02 17:19:21.307617,2022-06-27 17:19:21.307617
411,2019-03-20 17:19:21.307619,2021-02-05 17:19:21.307619
412,2022-11-28 17:19:21.307621,2023-04-24 17:19:21.307621
413,2021-04-12 17:19:21.307623,2023-01-01 17:19:21.307623
414,2021-01-21 17:19:21.307625,2021-12-28 17:19:21.307625
415,2019-07-26 17:19:21.307627,2020-11-12 17:19:21.307627
416,2022-06-12 17:19:21.307629,2022-08-13 17:19:21.307629
417,2020-11-22 17:19:21.307631,2022-10-23 17:19:21.307631
418,2021-06-14 17:19:21.307633,2022-06-08 17:19:21.307633
419,2021-11-18 17:19:21.307636,2023-06-01 17:19:21.307636
420,2019-06-21 17:19:21.307638,2020-05-12 17:19:21.307638
421,2022-03-10 17:19:21.307640,2022-07-28 17:19:21.307640
422,2020-05-10 17:19:21.307642,2023-01-24 17:19:21.307642
423,2020-09-30 17:19:21.307644,2021-05-02 17:19:21.307644
424,2019-06-25 17:19:21.307646,2020-09-01 17:19:21.307646
425,2023-08-22 17:19:21.307648,2023-09-01 17:19:21.307648
426,2020-05-30 17:19:21.307650,2023-01-06 17:19:21.307650
427,2020-04-12 17:19:21.307652,2022-04-04 17:19:21.307652
428,2023-04-03 17:19:21.307654,2023-06-03 17:19:21.307654
429,2022-05-19 17:19:21.307656,2022-06-19 17:19:21.307656
430,2020-10-03 17:19:21.307659,2022-08-03 17:19:21.307659
431,2019-11-11 17:19:21.307661,2020-08-21 17:19:21.307661
432,2022-04-08 17:19:21.307663,2023-02-06 17:19:21.307663
433,2023-06-01 17:19:21.307665,2023-07-15 17:19:21.307665
434,2018-11-04 17:19:21.307667,2022-12-13 17:19:21.307667
435,2020-10-12 17:19:21.307669,2021-07-24 17:19:21.307669
436,2022-12-02 17:19:21.307671,2023-04-24 17:19:21.307671
437,2019-12-05 17:19:21.307673,2022-10-12 17:19:21.307673
438,2022-04-29 17:19:21.307675,2022-05-16 17:19:21.307675
439,2022-11-10 17:19:21.307677,2023-07-24 17:19:21.307677
440,2023-03-11 17:19:21.307679,2023-05-27 17:19:21.307679
441,2022-01-09 17:19:21.307681,2023-01-14 17:19:21.307681
442,2020-08-11 17:19:21.307683,2023-05-17 17:19:21.307683
443,2021-10-08 17:19:21.307685,2022-04-19 17:19:21.307685
444,2020-12-19 17:19:21.307687,2022-05-04 17:19:21.307687
445,2020-07-25 17:19:21.307690,2023-04-08 17:19:21.307690
446,2023-03-01 17:19:21.307692,2023-06-21 17:19:21.307692
447,2022-12-29 17:19:21.307694,2023-04-21 17:19:21.307694
448,2020-12-31 17:19:21.307696,2021-08-09 17:19:21.307696
449,2021-02-22 17:19:21.307698,2022-12-31 17:19:21.307698
450,2020-06-10 17:19:21.307700,2023-01-12 17:19:21.307700
451,2020-03-07 17:19:21.307702,2022-06-15 17:19:21.307702
452,2019-12-31 17:19:21.307704,2023-07-10 17:19:21.307704
453,2023-05-03 17:19:21.307706,2023-05-31 17:19:21.307706
454,2023-08-21 17:19:21.307708,2023-08-27 17:19:21.307708
455,2018-09-17 17:19:21.307711,2023-04-10 17:19:21.307711
456,2018-11-14 17:19:21.307717,2021-01-21 17:19:21.307717
457,2022-02-19 17:19:21.307719,2023-05-22 17:19:21.307719
458,2022-02-15 17:19:21.307722,2022-07-26 17:19:21.307722
459,2019-12-31 17:19:21.307724,2020-03-26 17:19:21.307724
460,2021-10-22 17:19:21.307726,2021-12-15 17:19:21.307726
461,2018-09-18 17:19:21.307728,2022-10-26 17:19:21.307728
462,2021-12-21 17:19:21.307730,2022-06-16 17:19:21.307730
463,2020-02-04 17:19:21.307732,2022-12-01 17:19:21.307732
464,2021-05-07 17:19:21.307734,2023-08-17 17:19:21.307734
465,2019-01-25 17:19:21.307736,2019-12-03 17:19:21.307736
466,2021-01-19 17:19:21.307738,2023-02-16 17:19:21.307738
467,2019-02-18 17:19:21.307741,2020-05-05 17:19:21.307741
468,2023-04-06 17:19:21.307743,2023-06-16 17:19:21.307743
469,2022-05-06 17:19:21.307745,2022-06-28 17:19:21.307745
470,2019-10-29 17:19:21.307747,2021-11-27 17:19:21.307747
471,2021-07-15 17:19:21.307749,2022-03-10 17:19:21.307749
472,2020-08-06 17:19:21.307751,2022-03-07 17:19:21.307751
473,2019-10-22 17:19:21.307753,2022-09-30 17:19:21.307753
474,2023-01-05 17:19:21.307755,2023-04-11 17:19:21.307755
475,2020-05-26 17:19:21.307757,2023-02-26 17:19:21.307757
476,2020-10-10 17:19:21.307759,2021-01-13 17:19:21.307759
477,2019-07-30 17:19:21.307761,2022-08-14 17:19:21.307761
478,2019-01-06 17:19:21.307763,2022-01-11 17:19:21.307763
479,2021-08-10 17:19:21.307765,2022-05-24 17:19:21.307765
480,2022-03-19 17:19:21.307767,2022-07-16 17:19:21.307767
481,2021-03-01 17:19:21.307770,2023-05-23 17:19:21.307770
482,2022-07-27 17:19:21.307772,2023-08-30 17:19:21.307772
483,2022-04-01 17:19:21.307774,2023-06-26 17:19:21.307774
484,2021-06-02 17:19:21.307776,2022-10-14 17:19:21.307776
485,2019-07-01 17:19:21.307778,2019-12-12 17:19:21.307778
486,2021-03-19 17:19:21.307780,2021-09-16 17:19:21.307780
487,2023-08-03 17:19:21.307782,2023-08-23 17:19:21.307782
488,2021-10-23 17:19:21.307784,2021-10-29 17:19:21.307784
489,2023-08-19 17:19:21.307786,2023-08-28 17:19:21.307786
490,2022-10-22 17:19:21.307788,2023-07-11 17:19:21.307788
491,2018-10-04 17:19:21.307790,2023-05-27 17:19:21.307790
492,2022-04-14 17:19:21.307792,2022-09-11 17:19:21.307792
493,2022-08-04 17:19:21.307794,2022-10-27 17:19:21.307794
494,2021-11-23 17:19:21.307797,2022-04-18 17:19:21.307797
495,2021-01-09 17:19:21.307799,2022-09-24 17:19:21.307799
496,2022-05-25 17:19:21.307801,2023-06-09 17:19:21.307801
497,2020-06-28 17:19:21.307803,2022-12-29 17:19:21.307803
498,2020-08-18 17:19:21.307806,2022-07-18 17:19:21.307806
499,2019-11-30 17:19:21.307808,2020-02-19 17:19:21.307808
500,2021-05-27 17:19:21.307810,2022-10-22 17:19:21.307810
501,2018-09-10 17:19:21.307813,2020-12-02 17:19:21.307813
502,2021-09-11 17:19:21.307815,2023-08-20 17:19:21.307815
503,2021-05-07 17:19:21.307817,2022-10-11 17:19:21.307817
504,2023-07-19 17:19:21.307819,2023-08-29 17:19:21.307819
505,2019-01-23 17:19:21.307821,2021-11-10 17:19:21.307821
506,2018-12-21 17:19:21.307823,2022-10-30 17:19:21.307823
507,2022-02-10 17:19:21.307825,2023-05-26 17:19:21.307825
508,2020-05-12 17:19:21.307827,2023-06-28 17:19:21.307827
509,2020-07-16 17:19:21.307829,2021-08-15 17:19:21.307829
510,2023-04-11 17:19:21.307831,2023-04-30 17:19:21.307831
511,2022-10-29 17:19:21.307833,2023-07-16 17:19:21.307833
512,2022-02-15 17:19:21.307835,2022-10-28 17:19:21.307835
513,2019-12-12 17:19:21.307837,2022-06-03 17:19:21.307837
514,2022-11-07 17:19:21.307839,2023-06-20 17:19:21.307839
515,2018-12-27 17:19:21.307841,2021-12-07 17:19:21.307841
516,2021-10-26 17:19:21.307843,2023-03-09 17:19:21.307843
517,2021-05-23 17:19:21.307845,2022-10-10 17:19:21.307845
518,2018-09-27 17:19:21.307847,2021-01-27 17:19:21.307847
519,2020-09-25 17:19:21.307849,2022-05-10 17:19:21.307849
520,2020-12-09 17:19:21.307851,2022-11-22 17:19:21.307851
521,2022-06-21 17:19:21.307853,2022-11-25 17:19:21.307853
522,2022-01-03 17:19:21.307855,2022-03-02 17:19:21.307855
523,2020-12-19 17:19:21.307857,2022-12-15 17:19:21.307857
524,2022-12-18 17:19:21.307859,2023-04-24 17:19:21.307859
525,2020-09-26 17:19:21.307861,2022-10-01 17:19:21.307861
526,2019-04-26 17:19:21.307863,2021-04-15 17:19:21.307863
527,2020-12-08 17:19:21.307865,2023-05-08 17:19:21.307865
528,2019-03-09 17:19:21.307867,2022-04-20 17:19:21.307867
529,2023-09-03 17:19:21.307869,2023-09-03 17:19:21.307869
530,2020-08-07 17:19:21.307871,2022-01-14 17:19:21.307871
531,2020-05-06 17:19:21.307873,2021-10-08 17:19:21.307873
532,2021-07-26 17:19:21.307875,2023-01-28 17:19:21.307875
533,2021-04-14 17:19:21.307877,2021-12-06 17:19:21.307877
534,2020-12-20 17:19:21.307879,2021-09-26 17:19:21.307879
535,2021-04-07 17:19:21.307881,2022-03-31 17:19:21.307881
536,2019-12-04 17:19:21.307883,2023-04-11 17:19:21.307883
537,2023-07-23 17:19:21.307885,2023-08-13 17:19:21.307885
538,2021-04-24 17:19:21.307887,2021-12-14 17:19:21.307887
539,2021-06-07 17:19:21.307889,2022-10-13 17:19:21.307889
540,2021-02-14 17:19:21.307891,2021-02-17 17:19:21.307891
541,2021-11-21 17:19:21.307893,2023-02-05 17:19:21.307893
542,2022-12-13 17:19:21.307895,2023-01-10 17:19:21.307895
543,2022-09-03 17:19:21.307897,2022-12-20 17:19:21.307897
544,2021-12-11 17:19:21.307899,2023-08-12 17:19:21.307899
545,2020-08-04 17:19:21.307901,2022-10-17 17:19:21.307901
546,2019-01-18 17:19:21.307903,2019-04-02 17:19:21.307903
547,2019-01-29 17:19:21.307905,2021-05-15 17:19:21.307905
548,2021-11-20 17:19:21.307907,2022-04-14 17:19:21.307907
549,2023-05-11 17:19:21.307909,2023-08-03 17:19:21.307909
550,2021-05-30 17:19:21.307911,2021-07-10 17:19:21.307911
551,2018-09-23 17:19:21.307913,2022-07-03 17:19:21.307913
552,2019-03-25 17:19:21.307915,2019-05-04 17:19:21.307915
553,2020-09-21 17:19:21.307917,2023-04-12 17:19:21.307917
554,2019-12-08 17:19:21.307919,2020-01-10 17:19:21.307919
555,2021-08-28 17:19:21.307921,2021-09-13 17:19:21.307921
556,2019-08-02 17:19:21.307923,2022-10-21 17:19:21.307923
557,2023-05-14 17:19:21.307925,2023-08-23 17:19:21.307925
558,2021-07-09 17:19:21.307927,2022-07-21 17:19:21.307927
559,2020-07-14 17:19:21.307929,2022-02-21 17:19:21.307929
560,2019-10-22 17:19:21.307931,2020-09-27 17:19:21.307931
561,2020-11-29 17:19:21.307933,2023-08-06 17:19:21.307933
562,2019-02-16 17:19:21.307935,2019-03-14 17:19:21.307935
563,2020-09-21 17:19:21.307937,2022-06-28 17:19:21.307937
564,2021-12-13 17:19:21.307939,2022-05-29 17:19:21.307939
565,2022-04-13 17:19:21.307941,2022-07-19 17:19:21.307941
566,2018-10-29 17:19:21.307943,2019-07-23 17:19:21.307943
567,2021-06-28 17:19:21.307945,2023-07-16 17:19:21.307945
568,2020-08-14 17:19:21.307947,2022-11-12 17:19:21.307947
569,2019-02-19 17:19:21.307949,2020-05-18 17:19:21.307949
570,2020-07-23 17:19:21.307951,2023-01-14 17:19:21.307951
571,2022-02-25 17:19:21.307953,2023-04-01 17:19:21.307953
572,2019-03-28 17:19:21.307956,2021-10-04 17:19:21.307956
573,2022-05-08 17:19:21.307958,2023-08-19 17:19:21.307958
574,2020-03-26 17:19:21.307960,2022-02-25 17:19:21.307960
575,2021-03-25 17:19:21.307962,2022-12-18 17:19:21.307962
576,2020-02-20 17:19:21.307964,2020-06-28 17:19:21.307964
577,2020-05-13 17:19:21.307966,2023-02-26 17:19:21.307966
578,2021-10-04 17:19:21.307968,2022-10-01 17:19:21.307968
579,2019-08-29 17:19:21.307970,2021-11-24 17:19:21.307970
580,2022-02-04 17:19:21.307972,2022-11-22 17:19:21.307972
581,2021-07-10 17:19:21.307974,2022-07-15 17:19:21.307974
582,2021-04-30 17:19:21.307976,2023-07-02 17:19:21.307976
583,2023-01-04 17:19:21.307978,2023-02-01 17:19:21.307978
584,2020-09-03 17:19:21.307980,2021-01-29 17:19:21.307980
585,2023-04-07 17:19:21.307982,2023-04-17 17:19:21.307982
586,2019-02-01 17:19:21.307984,2022-09-12 17:19:21.307984
587,2019-09-10 17:19:21.307986,2019-09-20 17:19:21.307986
588,2020-12-15 17:19:21.307988,2022-05-10 17:19:21.307988
589,2020-08-24 17:19:21.307990,2022-06-30 17:19:21.307990
590,2021-10-11 17:19:21.307992,2022-01-31 17:19:21.307992
591,2020-02-07 17:19:21.307994,2020-08-11 17:19:21.307994
592,2020-04-12 17:19:21.307996,2022-06-27 17:19:21.307996
593,2020-09-10 17:19:21.307998,2022-09-23 17:19:21.307998
594,2020-10-02 17:19:21.308000,2021-01-07 17:19:21.308000
595,2020-12-03 17:19:21.308003,2021-01-26 17:19:21.308003
596,2023-06-06 17:19:21.308005,2023-06-29 17:19:21.308005
597,2018-10-30 17:19:21.308007,2020-11-25 17:19:21.308007
598,2021-01-23 17:19:21.308009,2022-03-04 17:19:21.308009
599,2020-11-30 17:19:21.308011,2021-02-06 17:19:21.308011
600,2022-06-12 17:19:21.308013,2023-04-19 17:19:21.308013
601,2020-04-28 17:19:21.308015,2022-05-18 17:19:21.308015
602,2021-03-10 17:19:21.308017,2021-08-04 17:19:21.308017
603,2023-02-02 17:19:21.308019,2023-08-31 17:19:21.308019
604,2022-05-22 17:19:21.308021,2023-01-03 17:19:21.308021
605,2022-07-03 17:19:21.308023,2023-03-03 17:19:21.308023
606,2022-10-02 17:19:21.308025,2023-09-03 17:19:21.308025
607,2022-03-06 17:19:21.308027,2023-07-25 17:19:21.308027
608,2019-03-17 17:19:21.308029,2020-03-15 17:19:21.308029
609,2020-02-03 17:19:21.308031,2021-05-29 17:19:21.308031
610,2020-03-09 17:19:21.308033,2020-09-25 17:19:21.308033
611,2018-11-15 17:19:21.308035,2019-04-17 17:19:21.308035
612,2022-09-16 17:19:21.308037,2022-11-27 17:19:21.308037
613,2023-08-16 17:19:21.308039,2023-08-24 17:19:21.308039
614,2018-10-18 17:19:21.308041,2019-08-09 17:19:21.308041
615,2022-04-04 17:19:21.308043,2022-04-20 17:19:21.308043
616,2018-10-22 17:19:21.308045,2023-05-13 17:19:21.308045
617,2020-08-10 17:19:21.308047,2020-10-09 17:19:21.308047
618,2021-06-28 17:19:21.308049,2023-03-05 17:19:21.308049
619,2020-05-22 17:19:21.308051,2020-07-02 17:19:21.308051
620,2020-04-09 17:19:21.308053,2020-05-03 17:19:21.308053
621,2021-08-07 17:19:21.308055,2021-09-14 17:19:21.308055
622,2019-01-29 17:19:21.308057,2019-06-08 17:19:21.308057
623,2022-06-23 17:19:21.308059,2023-02-06 17:19:21.308059
624,2019-03-21 17:19:21.308061,2019-07-06 17:19:21.308061
625,2021-07-31 17:19:21.308063,2022-01-18 17:19:21.308063
626,2020-11-26 17:19:21.308065,2022-02-03 17:19:21.308065
627,2019-12-29 17:19:21.308067,2020-04-08 17:19:21.308067
628,2022-04-10 17:19:21.308069,2023-01-09 17:19:21.308069
629,2020-11-02 17:19:21.308071,2023-01-27 17:19:21.308071
630,2021-07-08 17:19:21.308073,2021-07-24 17:19:21.308073
631,2022-10-07 17:19:21.308075,2023-09-01 17:19:21.308075
632,2018-10-21 17:19:21.308077,2023-03-01 17:19:21.308077
633,2022-12-24 17:19:21.308079,2023-01-04 17:19:21.308079
634,2022-04-29 17:19:21.308081,2023-03-12 17:19:21.308081
635,2021-03-26 17:19:21.308083,2022-11-07 17:19:21.308083
636,2023-04-01 17:19:21.308085,2023-06-22 17:19:21.308085
637,2019-08-01 17:19:21.308087,2021-05-22 17:19:21.308087
638,2021-05-09 17:19:21.308089,2021-07-28 17:19:21.308089
639,2019-01-24 17:19:21.308091,2023-03-12 17:19:21.308091
640,2021-10-18 17:19:21.308093,2022-10-26 17:19:21.308093
641,2019-01-13 17:19:21.308095,2021-09-14 17:19:21.308095
642,2022-08-24 17:19:21.308097,2023-03-09 17:19:21.308097
643,2019-05-23 17:19:21.308099,2022-09-27 17:19:21.308099
644,2021-01-24 17:19:21.308101,2022-07-14 17:19:21.308101
645,2021-10-17 17:19:21.308103,2023-01-25 17:19:21.308103
646,2019-09-18 17:19:21.308105,2022-10-04 17:19:21.308105
647,2019-03-16 17:19:21.308115,2022-09-27 17:19:21.308115
648,2020-02-24 17:19:21.308117,2021-06-26 17:19:21.308117
649,2019-04-21 17:19:21.308119,2023-07-30 17:19:21.308119
650,2019-09-28 17:19:21.308121,2019-11-13 17:19:21.308121
651,2020-06-03 17:19:21.308123,2022-07-20 17:19:21.308123
652,2020-10-06 17:19:21.308125,2023-08-11 17:19:21.308125
653,2019-05-12 17:19:21.308127,2021-04-21 17:19:21.308127
654,2022-11-27 17:19:21.308129,2023-09-04 17:19:21.308129
655,2022-08-07 17:19:21.308131,2022-10-31 17:19:21.308131
656,2023-08-27 17:19:21.308133,2023-09-05 17:19:21.308133
657,2019-03-22 17:19:21.308135,2020-04-15 17:19:21.308135
658,2020-01-21 17:19:21.308137,2020-12-20 17:19:21.308137
659,2020-03-10 17:19:21.308139,2021-11-28 17:19:21.308139
660,2022-04-27 17:19:21.308141,2022-05-03 17:19:21.308141
661,2021-08-15 17:19:21.308143,2021-12-29 17:19:21.308143
662,2023-08-04 17:19:21.308145,2023-08-11 17:19:21.308145
663,2021-09-11 17:19:21.308147,2023-01-21 17:19:21.308147
664,2021-05-12 17:19:21.308149,2023-08-16 17:19:21.308149
665,2023-06-10 17:19:21.308151,2023-09-04 17:19:21.308151
666,2021-07-24 17:19:21.308153,2022-11-12 17:19:21.308153
667,2022-01-11 17:19:21.308155,2023-08-27 17:19:21.308155
668,2021-01-11 17:19:21.308157,2021-08-21 17:19:21.308157
669,2019-03-27 17:19:21.308159,2021-12-10 17:19:21.308159
670,2020-11-20 17:19:21.308161,2021-11-26 17:19:21.308161
671,2022-07-17 17:19:21.308163,2023-08-22 17:19:21.308163
672,2023-05-16 17:19:21.308165,2023-07-13 17:19:21.308165
673,2021-12-30 17:19:21.308167,2023-05-03 17:19:21.308167
674,2020-05-06 17:19:21.308169,2022-01-10 17:19:21.308169
675,2021-06-04 17:19:21.308171,2022-03-03 17:19:21.308171
676,2019-07-06 17:19:21.308173,2022-09-30 17:19:21.308173
677,2019-03-03 17:19:21.308175,2022-05-21 17:19:21.308175
678,2019-07-14 17:19:21.308177,2022-04-03 17:19:21.308177
679,2020-09-04 17:19:21.308179,2022-05-16 17:19:21.308179
680,2022-07-22 17:19:21.308181,2023-01-25 17:19:21.308181
681,2019-11-08 17:19:21.308183,2022-12-03 17:19:21.308183
682,2019-09-25 17:19:21.308185,2020-02-02 17:19:21.308185
683,2021-09-09 17:19:21.308187,2022-02-26 17:19:21.308187
684,2020-02-15 17:19:21.308189,2022-09-07 17:19:21.308189
685,2020-11-21 17:19:21.308191,2023-08-03 17:19:21.308191
686,2021-08-08 17:19:21.308193,2022-02-06 17:19:21.308193
687,2021-11-01 17:19:21.308195,2022-10-30 17:19:21.308195
688,2019-10-21 17:19:21.308197,2019-11-28 17:19:21.308197
689,2022-06-08 17:19:21.308199,2022-06-22 17:19:21.308199
690,2021-03-02 17:19:21.308201,2023-08-06 17:19:21.308201
691,2023-02-28 17:19:21.308203,2023-03-03 17:19:21.308203
692,2021-08-30 17:19:21.308205,2022-08-13 17:19:21.308205
693,2018-12-30 17:19:21.308207,2021-09-06 17:19:21.308207
694,2020-08-11 17:19:21.308209,2023-02-17 17:19:21.308209
695,2019-05-20 17:19:21.308211,2023-04-09 17:19:21.308211
696,2021-01-03 17:19:21.308213,2022-12-25 17:19:21.308213
697,2020-12-03 17:19:21.308215,2021-05-12 17:19:21.308215
698,2023-06-04 17:19:21.308217,2023-06-19 17:19:21.308217
699,2019-01-24 17:19:21.308219,2020-05-30 17:19:21.308219
700,2021-11-14 17:19:21.308221,2023-01-13 17:19:21.308221
701,2020-05-12 17:19:21.308223,2023-06-17 17:19:21.308223
702,2018-11-13 17:19:21.308225,2021-04-24 17:19:21.308225
703,2023-08-02 17:19:21.308227,2023-08-03 17:19:21.308227
704,2018-09-30 17:19:21.308229,2019-08-06 17:19:21.308229
705,2019-11-15 17:19:21.308231,2021-11-22 17:19:21.308231
706,2018-12-24 17:19:21.308233,2022-03-31 17:19:21.308233
707,2019-06-12 17:19:21.308235,2020-12-08 17:19:21.308235
708,2022-12-03 17:19:21.308237,2023-08-10 17:19:21.308237
709,2023-02-03 17:19:21.308239,2023-02-15 17:19:21.308239
710,2021-04-24 17:19:21.308241,2021-09-11 17:19:21.308241
711,2021-04-18 17:19:21.308243,2022-01-16 17:19:21.308243
712,2018-09-12 17:19:21.308245,2022-08-21 17:19:21.308245
713,2020-02-19 17:19:21.308247,2023-01-16 17:19:21.308247
714,2023-07-08 17:19:21.308249,2023-08-22 17:19:21.308249
715,2022-01-20 17:19:21.308251,2022-02-17 17:19:21.308251
716,2021-09-09 17:19:21.308253,2022-12-29 17:19:21.308253
717,2019-12-12 17:19:21.308255,2020-10-24 17:19:21.308255
718,2022-08-07 17:19:21.308257,2023-04-08 17:19:21.308257
719,2021-10-09 17:19:21.308259,2023-09-05 17:19:21.308259
720,2020-10-30 17:19:21.308261,2021-07-28 17:19:21.308261
721,2023-03-15 17:19:21.308263,2023-07-13 17:19:21.308263
722,2019-03-17 17:19:21.308265,2019-12-07 17:19:21.308265
723,2022-08-08 17:19:21.308267,2023-08-01 17:19:21.308267
724,2022-06-20 17:19:21.308269,2023-05-25 17:19:21.308269
725,2020-03-30 17:19:21.308271,2021-04-22 17:19:21.308271
726,2023-06-24 17:19:21.308273,2023-08-27 17:19:21.308273
727,2022-12-17 17:19:21.308275,2023-06-11 17:19:21.308275
728,2022-06-10 17:19:21.308277,2022-06-12 17:19:21.308277
729,2018-09-14 17:19:21.308279,2022-09-05 17:19:21.308279
730,2021-09-20 17:19:21.308281,2022-02-08 17:19:21.308281
731,2021-09-03 17:19:21.308283,2022-09-13 17:19:21.308283
732,2019-10-31 17:19:21.308285,2020-09-18 17:19:21.308285
733,2019-05-04 17:19:21.308287,2019-09-26 17:19:21.308287
734,2021-05-10 17:19:21.308289,2022-02-26 17:19:21.308289
735,2019-07-01 17:19:21.308291,2020-09-04 17:19:21.308291
736,2019-11-17 17:19:21.308293,2021-10-21 17:19:21.308293
737,2023-04-17 17:19:21.308295,2023-06-28 17:19:21.308295
738,2021-04-06 17:19:21.308297,2022-05-09 17:19:21.308297
739,2020-09-10 17:19:21.308299,2022-12-05 17:19:21.308299
740,2020-08-11 17:19:21.308301,2023-04-01 17:19:21.308301
741,2022-08-08 17:19:21.308303,2022-12-25 17:19:21.308303
742,2020-10-24 17:19:21.308305,2021-04-28 17:19:21.308305
743,2021-02-02 17:19:21.308307,2023-04-17 17:19:21.308307
744,2021-03-31 17:19:21.308309,2021-05-30 17:19:21.308309
745,2019-08-07 17:19:21.308311,2022-03-02 17:19:21.308311
746,2019-07-23 17:19:21.308313,2023-05-26 17:19:21.308313
747,2019-05-03 17:19:21.308315,2021-04-11 17:19:21.308315
748,2020-06-20 17:19:21.308355,2022-09-04 17:19:21.308355
749,2020-06-27 17:19:21.308370,2020-07-07 17:19:21.308370
750,2022-02-16 17:19:21.308374,2022-04-18 17:19:21.308374
751,2020-10-10 17:19:21.308376,2021-05-23 17:19:21.308376
752,2023-05-22 17:19:21.308379,2023-06-15 17:19:21.308379
753,2018-12-26 17:19:21.308381,2020-07-11 17:19:21.308381
754,2020-10-07 17:19:21.308384,2022-11-17 17:19:21.308384
755,2020-05-16 17:19:21.308386,2022-10-17 17:19:21.308386
756,2021-02-15 17:19:21.308388,2021-10-15 17:19:21.308388
757,2022-08-06 17:19:21.308390,2023-08-06 17:19:21.308390
758,2020-04-09 17:19:21.308392,2023-05-14 17:19:21.308392
759,2021-12-13 17:19:21.308394,2022-07-26 17:19:21.308394
760,2020-07-08 17:19:21.308396,2022-10-10 17:19:21.308396
761,2020-06-08 17:19:21.308398,2021-01-11 17:19:21.308398
762,2020-04-17 17:19:21.308401,2022-11-09 17:19:21.308401
763,2021-09-05 17:19:21.308403,2023-01-23 17:19:21.308403
764,2023-01-16 17:19:21.308405,2023-01-18 17:19:21.308405
765,2021-11-19 17:19:21.308407,2023-04-19 17:19:21.308407
766,2021-08-18 17:19:21.308409,2021-10-10 17:19:21.308409
767,2022-01-28 17:19:21.308411,2022-03-15 17:19:21.308411
768,2020-11-09 17:19:21.308414,2022-11-05 17:19:21.308414
769,2020-09-05 17:19:21.308416,2022-07-25 17:19:21.308416
770,2021-01-27 17:19:21.308418,2022-07-01 17:19:21.308418
771,2022-05-04 17:19:21.308420,2022-08-10 17:19:21.308420
772,2021-03-09 17:19:21.308422,2021-03-28 17:19:21.308422
773,2020-03-10 17:19:21.308424,2021-05-02 17:19:21.308424
774,2020-04-02 17:19:21.308426,2022-02-20 17:19:21.308426
775,2019-06-18 17:19:21.308428,2021-10-14 17:19:21.308428
776,2020-05-28 17:19:21.308430,2020-07-28 17:19:21.308430
777,2019-02-04 17:19:21.308432,2022-04-17 17:19:21.308432
778,2020-06-03 17:19:21.308435,2021-01-04 17:19:21.308435
779,2023-03-22 17:19:21.308437,2023-03-24 17:19:21.308437
780,2019-10-22 17:19:21.308439,2020-03-29 17:19:21.308439
781,2021-02-04 17:19:21.308441,2023-02-12 17:19:21.308441
782,2021-07-05 17:19:21.308443,2023-08-24 17:19:21.308443
783,2021-12-13 17:19:21.308445,2022-04-11 17:19:21.308445
784,2020-05-08 17:19:21.308447,2022-10-17 17:19:21.308447
785,2019-06-20 17:19:21.308449,2022-07-06 17:19:21.308449
786,2023-08-10 17:19:21.308451,2023-08-18 17:19:21.308451
787,2020-06-06 17:19:21.308453,2022-01-06 17:19:21.308453
788,2019-09-23 17:19:21.308455,2023-07-04 17:19:21.308455
789,2022-10-04 17:19:21.308457,2023-01-09 17:19:21.308457
790,2019-02-09 17:19:21.308459,2022-08-22 17:19:21.308459
791,2019-07-11 17:19:21.308461,2022-02-16 17:19:21.308461
792,2019-11-19 17:19:21.308463,2023-07-27 17:19:21.308463
793,2019-12-12 17:19:21.308466,2021-09-06 17:19:21.308466
794,2022-04-26 17:19:21.308468,2023-08-14 17:19:21.308468
795,2019-01-31 17:19:21.308470,2023-05-14 17:19:21.308470
796,2022-04-15 17:19:21.308481,2022-08-29 17:19:21.308481
797,2019-12-27 17:19:21.308483,2023-04-28 17:19:21.308483
798,2023-02-03 17:19:21.308485,2023-07-05 17:19:21.308485
799,2020-01-22 17:19:21.308487,2022-01-28 17:19:21.308487
800,2020-07-09 17:19:21.308489,2020-12-25 17:19:21.308489
801,2020-09-09 17:19:21.308491,2022-02-11 17:19:21.308491
802,2020-03-11 17:19:21.308493,2020-04-19 17:19:21.308493
803,2019-09-30 17:19:21.308496,2023-04-06 17:19:21.308496
804,2018-09-23 17:19:21.308498,2022-08-11 17:19:21.308498
805,2022-06-20 17:19:21.308500,2023-09-05 17:19:21.308500
806,2021-04-15 17:19:21.308502,2021-11-26 17:19:21.308502
807,2020-05-20 17:19:21.308504,2023-01-28 17:19:21.308504
808,2023-03-25 17:19:21.308506,2023-07-26 17:19:21.308506
809,2023-06-09 17:19:21.308508,2023-08-26 17:19:21.308508
810,2021-09-24 17:19:21.308510,2021-10-31 17:19:21.308510
811,2019-06-06 17:19:21.308512,2020-04-28 17:19:21.308512
812,2023-07-31 17:19:21.308514,2023-08-04 17:19:21.308514
813,2020-07-15 17:19:21.308516,2023-01-14 17:19:21.308516
814,2019-08-25 17:19:21.308518,2020-11-20 17:19:21.308518
815,2023-03-19 17:19:21.308520,2023-04-24 17:19:21.308520
816,2021-11-24 17:19:21.308522,2022-10-05 17:19:21.308522
817,2021-08-15 17:19:21.308524,2023-07-03 17:19:21.308524
818,2020-04-12 17:19:21.308526,2022-12-10 17:19:21.308526
819,2019-02-19 17:19:21.308529,2021-04-24 17:19:21.308529
820,2020-09-21 17:19:21.308531,2023-05-21 17:19:21.308531
821,2019-01-28 17:19:21.308533,2020-09-11 17:19:21.308533
822,2022-05-20 17:19:21.308535,2022-09-10 17:19:21.308535
823,2022-06-09 17:19:21.308537,2022-07-18 17:19:21.308537
824,2021-06-01 17:19:21.308539,2022-03-28 17:19:21.308539
825,2021-03-27 17:19:21.308541,2021-11-05 17:19:21.308541
826,2019-11-23 17:19:21.308543,2020-10-05 17:19:21.308543
827,2020-11-17 17:19:21.308545,2021-10-31 17:19:21.308545
828,2022-08-17 17:19:21.308547,2022-12-09 17:19:21.308547
829,2022-09-25 17:19:21.308549,2023-03-29 17:19:21.308549
830,2023-03-02 17:19:21.308551,2023-05-07 17:19:21.308551
831,2022-04-21 17:19:21.308553,2022-06-15 17:19:21.308553
832,2020-05-11 17:19:21.308555,2023-04-09 17:19:21.308555
833,2019-06-29 17:19:21.308557,2019-08-07 17:19:21.308557
834,2019-11-15 17:19:21.308559,2023-06-19 17:19:21.308559
835,2019-10-06 17:19:21.308561,2023-04-13 17:19:21.308561
836,2021-06-06 17:19:21.308564,2022-01-07 17:19:21.308564
837,2021-02-21 17:19:21.308566,2021-07-17 17:19:21.308566
838,2021-02-16 17:19:21.308568,2022-01-17 17:19:21.308568
839,2020-07-24 17:19:21.308570,2020-10-23 17:19:21.308570
840,2023-04-27 17:19:21.308572,2023-08-01 17:19:21.308572
841,2023-07-12 17:19:21.308574,2023-08-28 17:19:21.308574
842,2019-05-12 17:19:21.308576,2021-06-30 17:19:21.308576
843,2021-10-23 17:19:21.308578,2022-10-20 17:19:21.308578
844,2021-11-05 17:19:21.308580,2023-05-15 17:19:21.308580
845,2023-03-19 17:19:21.308582,2023-06-15 17:19:21.308582
846,2021-06-15 17:19:21.308584,2023-05-08 17:19:21.308584
847,2020-06-22 17:19:21.308586,2021-06-12 17:19:21.308586
848,2023-06-20 17:19:21.308588,2023-08-21 17:19:21.308588
849,2021-04-05 17:19:21.308590,2023-01-31 17:19:21.308590
850,2020-04-19 17:19:21.308592,2021-06-14 17:19:21.308592
851,2023-02-17 17:19:21.308594,2023-08-23 17:19:21.308594
852,2021-08-05 17:19:21.308596,2021-08-11 17:19:21.308596
853,2020-04-03 17:19:21.308599,2020-08-13 17:19:21.308599
854,2019-01-12 17:19:21.308601,2020-07-21 17:19:21.308601
855,2020-04-05 17:19:21.308603,2022-07-09 17:19:21.308603
856,2019-01-29 17:19:21.308605,2021-02-27 17:19:21.308605
857,2019-06-05 17:19:21.308607,2022-04-24 17:19:21.308607
858,2019-09-04 17:19:21.308609,2021-02-19 17:19:21.308609
859,2019-10-13 17:19:21.308611,2020-12-11 17:19:21.308611
860,2023-07-23 17:19:21.308613,2023-08-01 17:19:21.308613
861,2020-03-30 17:19:21.308615,2022-01-30 17:19:21.308615
862,2020-01-18 17:19:21.308621,2021-01-14 17:19:21.308621
863,2019-06-11 17:19:21.308624,2023-06-10 17:19:21.308624
864,2020-06-28 17:19:21.308626,2020-09-17 17:19:21.308626
865,2019-09-30 17:19:21.308628,2020-09-19 17:19:21.308628
866,2019-06-24 17:19:21.308630,2022-12-26 17:19:21.308630
867,2019-11-11 17:19:21.308632,2021-06-21 17:19:21.308632
868,2019-05-02 17:19:21.308634,2023-07-27 17:19:21.308634
869,2020-03-04 17:19:21.308636,2020-12-23 17:19:21.308636
870,2021-11-21 17:19:21.308638,2022-07-02 17:19:21.308638
871,2022-05-25 17:19:21.308640,2022-06-06 17:19:21.308640
872,2021-01-10 17:19:21.308642,2021-02-24 17:19:21.308642
873,2020-11-06 17:19:21.308644,2020-11-22 17:19:21.308644
874,2019-12-24 17:19:21.308646,2020-12-17 17:19:21.308646
875,2021-09-02 17:19:21.308649,2022-04-12 17:19:21.308649
876,2021-07-16 17:19:21.308651,2023-06-15 17:19:21.308651
877,2021-01-13 17:19:21.308653,2022-04-05 17:19:21.308653
878,2022-09-15 17:19:21.308655,2023-08-24 17:19:21.308655
879,2021-01-09 17:19:21.308657,2022-01-08 17:19:21.308657
880,2019-10-07 17:19:21.308659,2021-08-11 17:19:21.308659
881,2021-11-09 17:19:21.308661,2022-09-30 17:19:21.308661
882,2022-08-31 17:19:21.308663,2022-11-12 17:19:21.308663
883,2020-11-10 17:19:21.308665,2023-07-31 17:19:21.308665
884,2020-07-19 17:19:21.308667,2022-02-10 17:19:21.308667
885,2019-12-06 17:19:21.308669,2020-11-04 17:19:21.308669
886,2021-11-01 17:19:21.308671,2022-06-10 17:19:21.308671
887,2023-06-10 17:19:21.308674,2023-07-16 17:19:21.308674
888,2019-02-09 17:19:21.308676,2021-10-24 17:19:21.308676
889,2021-10-10 17:19:21.308678,2022-07-14 17:19:21.308678
890,2020-01-07 17:19:21.308680,2023-05-10 17:19:21.308680
891,2020-05-24 17:19:21.308682,2022-11-25 17:19:21.308682
892,2022-03-17 17:19:21.308684,2023-07-13 17:19:21.308684
893,2021-09-06 17:19:21.308686,2022-05-05 17:19:21.308686
894,2021-04-22 17:19:21.308688,2022-03-11 17:19:21.308688
895,2023-07-29 17:19:21.308690,2023-08-24 17:19:21.308690
896,2021-08-29 17:19:21.308692,2022-03-08 17:19:21.308692
897,2018-12-15 17:19:21.308694,2021-10-20 17:19:21.308694
898,2022-04-24 17:19:21.308696,2022-05-05 17:19:21.308696
899,2021-01-22 17:19:21.308698,2023-07-28 17:19:21.308698
900,2020-06-26 17:19:21.308700,2021-07-31 17:19:21.308700
901,2020-05-01 17:19:21.308702,2022-10-03 17:19:21.308702
902,2021-02-21 17:19:21.308704,2023-01-26 17:19:21.308704
903,2018-11-25 17:19:21.308706,2018-12-16 17:19:21.308706
904,2022-06-04 17:19:21.308708,2022-10-01 17:19:21.308708
905,2021-09-06 17:19:21.308710,2022-04-03 17:19:21.308710
906,2021-08-17 17:19:21.308712,2022-06-18 17:19:21.308712
907,2021-02-25 17:19:21.308714,2021-11-21 17:19:21.308714
908,2021-03-13 17:19:21.308716,2023-02-14 17:19:21.308716
909,2019-05-10 17:19:21.308718,2021-03-26 17:19:21.308718
910,2019-05-21 17:19:21.308720,2020-02-29 17:19:21.308720
911,2020-03-10 17:19:21.308722,2022-02-23 17:19:21.308722
912,2022-08-14 17:19:21.308724,2023-01-24 17:19:21.308724
913,2019-04-04 17:19:21.308726,2021-05-05 17:19:21.308726
914,2021-04-08 17:19:21.308728,2021-11-20 17:19:21.308728
915,2022-12-26 17:19:21.308730,2023-06-23 17:19:21.308730
916,2021-09-29 17:19:21.308732,2022-10-14 17:19:21.308732
917,2022-06-15 17:19:21.308734,2022-06-21 17:19:21.308734
918,2023-08-29 17:19:21.308736,2023-08-29 17:19:21.308736
919,2021-06-06 17:19:21.308738,2023-03-13 17:19:21.308738
920,2021-07-02 17:19:21.308740,2021-09-18 17:19:21.308740
921,2020-03-21 17:19:21.308742,2022-10-23 17:19:21.308742
922,2020-03-12 17:19:21.308744,2021-06-13 17:19:21.308744
923,2021-04-14 17:19:21.308746,2022-11-04 17:19:21.308746
924,2020-11-13 17:19:21.308748,2022-11-20 17:19:21.308748
925,2020-07-22 17:19:21.308750,2021-12-19 17:19:21.308750
926,2020-11-26 17:19:21.308752,2023-07-30 17:19:21.308752
927,2018-09-09 17:19:21.308754,2021-10-05 17:19:21.308754
928,2022-08-30 17:19:21.308756,2022-10-07 17:19:21.308756
929,2020-09-14 17:19:21.308758,2023-02-17 17:19:21.308758
930,2023-04-15 17:19:21.308760,2023-05-13 17:19:21.308760
931,2023-01-27 17:19:21.308762,2023-07-02 17:19:21.308762
932,2020-03-24 17:19:21.308764,2023-03-27 17:19:21.308764
933,2023-03-15 17:19:21.308766,2023-07-08 17:19:21.308766
934,2018-10-01 17:19:21.308768,2021-11-27 17:19:21.308768
935,2021-05-08 17:19:21.308770,2023-03-25 17:19:21.308770
936,2020-02-10 17:19:21.308772,2022-10-10 17:19:21.308772
937,2023-07-07 17:19:21.308774,2023-07-26 17:19:21.308774
938,2020-04-15 17:19:21.308776,2023-02-24 17:19:21.308776
939,2021-06-03 17:19:21.308778,2022-09-04 17:19:21.308778
940,2021-07-05 17:19:21.308780,2022-12-25 17:19:21.308780
941,2021-10-19 17:19:21.308782,2022-11-04 17:19:21.308782
942,2019-08-15 17:19:21.308784,2021-08-31 17:19:21.308784
943,2019-03-19 17:19:21.308786,2023-03-21 17:19:21.308786
944,2023-05-26 17:19:21.308788,2023-08-25 17:19:21.308788
945,2020-08-11 17:19:21.308790,2023-04-26 17:19:21.308790
946,2022-04-15 17:19:21.308792,2022-05-05 17:19:21.308792
947,2022-08-19 17:19:21.308794,2023-06-17 17:19:21.308794
948,2022-07-30 17:19:21.308796,2023-07-21 17:19:21.308796
949,2021-06-07 17:19:21.308798,2021-08-29 17:19:21.308798
950,2022-04-08 17:19:21.308800,2023-07-04 17:19:21.308800
951,2022-05-20 17:19:21.308802,2023-06-10 17:19:21.308802
952,2021-09-29 17:19:21.308804,2023-02-17 17:19:21.308804
953,2019-02-12 17:19:21.308806,2022-08-15 17:19:21.308806
954,2021-07-29 17:19:21.308808,2023-02-18 17:19:21.308808
955,2019-09-08 17:19:21.308810,2022-03-29 17:19:21.308810
956,2020-10-26 17:19:21.308812,2023-07-31 17:19:21.308812
957,2020-12-15 17:19:21.308814,2023-02-15 17:19:21.308814
958,2019-05-03 17:19:21.308816,2021-07-02 17:19:21.308816
959,2021-10-31 17:19:21.308818,2023-04-07 17:19:21.308818
960,2021-09-24 17:19:21.308820,2022-06-21 17:19:21.308820
961,2019-08-18 17:19:21.308822,2020-12-21 17:19:21.308822
962,2023-06-17 17:19:21.308824,2023-09-04 17:19:21.308824
963,2020-06-26 17:19:21.308826,2023-06-14 17:19:21.308826
964,2020-08-25 17:19:21.308828,2021-10-28 17:19:21.308828
965,2020-09-01 17:19:21.308830,2023-05-13 17:19:21.308830
966,2022-06-08 17:19:21.308832,2022-10-30 17:19:21.308832
967,2023-09-07 17:19:21.308834,2023-09-07 17:19:21.308834
968,2023-07-19 17:19:21.308836,2023-08-16 17:19:21.308836
969,2021-10-23 17:19:21.308838,2022-08-27 17:19:21.308838
970,2021-09-21 17:19:21.308840,2023-02-22 17:19:21.308840
971,2018-10-08 17:19:21.308842,2020-05-20 17:19:21.308842
972,2019-08-30 17:19:21.308844,2022-07-15 17:19:21.308844
973,2022-06-16 17:19:21.308846,2022-12-06 17:19:21.308846
974,2021-04-10 17:19:21.308848,2022-10-23 17:19:21.308848
975,2022-05-08 17:19:21.308850,2022-11-22 17:19:21.308850
976,2018-09-10 17:19:21.308852,2019-10-01 17:19:21.308852
977,2023-08-05 17:19:21.308854,2023-09-02 17:19:21.308854
978,2019-12-06 17:19:21.308856,2022-07-22 17:19:21.308856
979,2023-06-05 17:19:21.308858,2023-07-18 17:19:21.308858
980,2020-09-07 17:19:21.308860,2022-07-31 17:19:21.308860
981,2019-05-17 17:19:21.308862,2023-08-23 17:19:21.308862
982,2023-04-07 17:19:21.308864,2023-06-05 17:19:21.308864
983,2023-01-01 17:19:21.308866,2023-05-02 17:19:21.308866
984,2021-11-03 17:19:21.308868,2023-05-14 17:19:21.308868
985,2022-06-27 17:19:21.308870,2022-07-11 17:19:21.308870
986,2023-05-13 17:19:21.308872,2023-06-06 17:19:21.308872
987,2021-07-29 17:19:21.308874,2023-08-01 17:19:21.308874
988,2020-01-17 17:19:21.308876,2020-08-09 17:19:21.308876
989,2022-12-14 17:19:21.308878,2023-08-06 17:19:21.308878
990,2020-09-25 17:19:21.308880,2022-02-27 17:19:21.308880
991,2023-01-15 17:19:21.308882,2023-06-29 17:19:21.308882
992,2022-08-15 17:19:21.308884,2023-06-29 17:19:21.308884
993,2020-12-22 17:19:21.308886,2022-12-17 17:19:21.308886
994,2018-11-15 17:19:21.308888,2021-08-24 17:19:21.308888
995,2021-08-06 17:19:21.308890,2022-12-19 17:19:21.308890
996,2022-08-03 17:19:21.308892,2022-11-27 17:19:21.308892
997,2021-12-23 17:19:21.308894,2023-01-12 17:19:21.308894
998,2021-08-02 17:19:21.308896,2022-07-11 17:19:21.308896
999,2020-01-20 17:19:21.308898,2021-08-25 17:19:21.308898
1000,2021-03-03 17:19:21.308900,2022-04-01 17:19:21.308900
